{"cameraMode":{"drawMode":0,"name":"Shaded","section":"Shading Mode"},"sceneLighting":false,"audioPlay":false,"sceneViewState":{"showFog":true,"showMaterialUpdate":false,"showSkybox":false,"showFlares":true,"showImageEffects":true,"showParticleSystems":true},"in2DMode":false,"pivot":{"x":-13.985230445861817,"y":4.5802903175354,"z":-3.468095302581787},"rotation":{"x":-0.037083227187395099,"y":0.6898940801620483,"z":-0.03542892634868622,"w":-0.7220938205718994},"size":6.598566055297852,"orthographic":true}