{"cameraMode":{"drawMode":0,"name":"Shaded","section":"Shading Mode"},"sceneLighting":true,"audioPlay":false,"sceneViewState":{"showFog":true,"showMaterialUpdate":false,"showSkybox":true,"showFlares":true,"showImageEffects":true,"showParticleSystems":true},"in2DMode":false,"pivot":{"x":-4.765413761138916,"y":4.9475884437561039,"z":5.582295894622803},"rotation":{"x":-0.0010944788809865714,"y":-0.683833122253418,"z":-0.0010257563553750516,"w":0.7296410799026489},"size":6.171631336212158,"orthographic":false}