{"cameraMode":{"drawMode":0,"name":"Shaded","section":"Shading Mode"},"sceneLighting":false,"audioPlay":false,"sceneViewState":{"showFog":true,"showMaterialUpdate":false,"showSkybox":false,"showFlares":true,"showImageEffects":true,"showParticleSystems":true},"in2DMode":false,"pivot":{"x":-15.557831764221192,"y":3.8941283226013185,"z":-6.757787704467773},"rotation":{"x":-0.01278221420943737,"y":-0.7550164461135864,"z":-0.014724713750183583,"w":0.6554153561592102},"size":6.351999759674072,"orthographic":true}