{"cameraMode":{"drawMode":0,"name":"Shaded","section":"Shading Mode"},"sceneLighting":false,"audioPlay":false,"sceneViewState":{"showFog":true,"showMaterialUpdate":false,"showSkybox":false,"showFlares":true,"showImageEffects":true,"showParticleSystems":true},"in2DMode":false,"pivot":{"x":-1.7000514268875123,"y":5.894742012023926,"z":-2.584012269973755},"rotation":{"x":-0.04897705093026161,"y":-0.5759211778640747,"z":-0.03459682688117027,"w":0.815304696559906},"size":1.5839686393737794,"orthographic":true}